Time,CPU
19:18:41,32
19:18:43,27.7
19:18:44,37.2
19:18:45,47.9
19:18:46,31.2
19:18:47,27.7
19:18:48,27.2
19:18:49,7.8
19:18:50,16.6
19:18:51,27
19:18:52,28.8
19:18:53,7.4
19:18:54,6.6
19:18:55,14.3
19:18:56,14.5
19:18:57,24.4
19:18:58,13.5
19:18:59,17.6
19:19:00,20.7
19:19:01,9.7
19:19:02,21.1
19:19:03,23.9
19:19:04,8.2
19:19:05,11.6
19:19:06,12.5
19:19:07,12.4
19:19:08,17.8
19:19:09,21.1
19:19:10,8.9
19:19:11,7.4
19:19:12,11.7
19:19:13,7.8
19:19:14,18.7
19:19:15,29.2
19:19:16,10.5
19:19:17,10.5
19:19:18,7.4
19:19:19,9.7
19:19:20,19.5
19:19:21,32.7
19:19:22,18.7
19:19:23,27.5
19:19:24,28
19:19:25,28.8
19:19:26,17.8
19:19:27,25.2
19:19:28,10.1
19:19:29,7.4
19:19:30,24.1
19:19:31,11.3
19:19:32,15.2
19:19:33,40.1
19:19:34,27.3
19:19:35,19.8
19:19:36,41.3
19:19:37,11.2
19:19:38,12.1
19:19:39,34.1
19:19:40,9.4
19:19:41,11.6
19:19:42,9.6
19:19:43,10.9
19:19:44,16
19:19:45,31.1
19:19:46,11.3
19:19:47,11.7
19:19:48,9
19:19:49,8.2
19:19:50,7.8
19:19:51,26.4
19:19:52,26.5
19:19:53,27.9
19:19:54,28.4
19:19:55,27.9
19:19:56,27.6
19:19:57,48.6
19:19:58,19.8
19:19:59,6.6
19:20:00,13.9
19:20:01,10.9
19:20:02,10.9
19:20:03,31.6
19:20:04,10.2
19:20:05,9.7
19:20:06,8.6
19:20:07,10.5
19:20:08,10.5
19:20:09,29.2
19:20:10,8.6
19:20:11,9.7
19:20:12,11.6
19:20:13,7.3
19:20:14,12
19:20:15,31.5
19:20:16,10.5
19:20:17,6.6
19:20:18,16.7
19:20:19,11.3
19:20:20,12.8
19:20:21,33.3
19:20:22,26.5
19:20:23,28.7
19:20:24,30.1
19:20:25,27.3
19:20:26,11.7
19:20:27,25.3
19:20:28,14.3
19:20:29,10.6
19:20:30,27.9
19:20:31,8.2
19:20:32,9.7
19:20:33,30.7
19:20:34,21.8
19:20:35,7.8
19:20:36,31.4
19:20:37,19.5
19:20:38,9.4
19:20:39,24
19:20:40,17.8
19:20:41,10.5
19:20:42,10.9
19:20:43,10.5
19:20:44,7.8
19:20:45,25.7
19:20:46,20.2
19:20:47,11.7
19:20:48,9.4
19:20:49,16.3
19:20:50,8.1
19:20:51,23.8
19:20:52,11.7
19:20:53,8.2
19:20:54,7.4
19:20:55,8.5
19:20:56,9
19:20:57,29
19:20:58,34.2
19:20:59,43.3
19:21:00,100
19:21:01,65.6
19:21:02,29.1
19:21:03,59.7
19:21:04,33
19:21:05,26.2
19:21:06,22.5
19:21:07,20.8
19:21:08,61.7
19:21:09,52.9
19:21:10,25.6
19:21:11,23.4
19:21:12,43
19:21:13,49.8
19:21:14,43.8
19:21:15,45.9
19:21:16,20.5
19:21:17,23.2
19:21:18,32.8
19:21:19,59.8
19:21:20,42.4
19:21:21,31.7
19:21:22,39.3
19:21:24,48
19:21:25,50
19:21:26,33.3
19:21:27,33.1
19:21:28,12.1
19:21:29,49.1
19:21:30,41.9
19:21:31,30.5
19:21:32,16.6
19:21:33,38.4
19:21:34,22.4
19:21:35,28.1
19:21:36,40.2
19:21:37,45.8
19:21:38,65.1
19:21:39,51.9
19:21:40,30.3
19:21:41,23.6
19:21:42,26.4
19:21:43,25.1
19:21:44,46.2
19:21:45,43
19:21:46,21.3
19:21:47,19.6
19:21:48,46.6
19:21:49,48.8
19:21:50,33.7
19:21:51,49.6
19:21:52,44.8
19:21:53,19.2
19:21:54,24
19:21:55,28.5
19:21:56,20.2
19:21:57,30.1
19:21:58,27
19:21:59,16.2
19:22:00,14.4
19:22:01,12
19:22:02,9.7
19:22:03,21.5
19:22:04,26
19:22:05,8.6
19:22:06,9.7
19:22:07,9
19:22:08,15.6
19:22:09,22.8
19:22:10,23.3
19:22:11,9.3
19:22:12,15.6
19:22:13,16.6
19:22:14,13.6
19:22:15,23
19:22:16,27.3
19:22:17,14
19:22:18,20
19:22:19,9
19:22:20,14
19:22:21,14.3
19:22:22,30.4
19:22:23,30.1
19:22:24,28.6
19:22:25,29.3
19:22:26,16.8
19:22:27,21.2
19:22:28,31.2
19:22:29,11.6
19:22:30,15.6
19:22:31,27.1
19:22:32,14
19:22:33,19.8
19:22:34,25.6
19:22:35,14.6
19:22:36,7.8
19:22:37,10.1
19:22:38,46.7
19:22:39,29.7
19:22:40,25.9
19:22:41,7.8
19:22:42,10.5
19:22:43,17.4
19:22:44,11.3
19:22:45,23
19:22:46,30.3
19:22:47,12.5
19:22:48,10
19:22:49,13.2
19:22:50,11.6
19:22:51,14.4
19:22:52,33.5
19:22:53,12.8
19:22:54,10.1
19:22:55,20
19:22:56,7.8
19:22:57,14.2
19:22:58,36.8
19:22:59,14.5
19:23:00,15.2
19:23:01,12.8
19:23:02,8.6
19:23:03,12.8
19:23:04,58.1
19:23:05,31.2
19:23:06,31
19:23:07,43
19:23:08,44.3
19:23:09,38.8
19:23:10,51.3
19:23:11,34.6
19:23:12,10
19:23:13,4.3
19:23:14,16.9
19:23:15,12.5
19:23:16,32.6
19:23:17,12.5
19:23:18,18.6
19:23:19,27.6
19:23:20,28.9
19:23:21,9.3
19:23:22,43.6
19:23:23,42.8
19:23:24,51.9
19:23:25,27.3
19:23:26,18.1
19:23:27,7.4
19:23:28,31
19:23:29,11.5
19:23:30,15
19:23:31,18.6
19:23:32,9.3
19:23:33,10.5
19:23:34,30.9
19:23:35,46.4
19:23:36,19.4
19:23:37,14.4
19:23:38,26.7
19:23:39,28.9
19:23:40,17.6
19:23:41,26.3
19:23:42,10.1
19:23:43,10.8
19:23:44,12.7
19:23:45,50
19:23:46,43.1
19:23:47,60.7
19:23:48,37.9
19:23:49,42.9
19:23:50,38.2
19:23:51,35.2
19:23:52,51.7
19:23:53,44
19:23:54,43.4
19:23:55,38.1
19:23:56,29
19:23:57,43.9
19:23:58,55.1
19:23:59,64.1
19:24:00,47.3
19:24:01,31.7
19:24:02,29.2
19:24:03,51.6
19:24:04,59.5
19:24:05,41.1
19:24:06,43.8
19:24:07,44.5
19:24:08,45.7
19:24:09,57.1
19:24:10,57.1
19:24:11,59.8
19:24:12,20.8
19:24:13,23.3
19:24:14,37.6
19:24:15,50
19:24:16,54
19:24:17,61
19:24:18,41.8
19:24:19,27.3
19:24:20,30.3
19:24:21,29.7
19:24:22,56.1
19:24:23,46.6
19:24:24,53
19:24:25,34.7
19:24:26,27.3
19:24:27,21.5
19:24:28,39.9
19:24:29,40.4
19:24:30,63.7
19:24:31,36.3
19:24:32,31.3
19:24:33,11.1
19:24:34,24.9
19:24:35,26.4
19:24:36,18.7
19:24:37,8.9
19:24:38,11.6
19:24:39,48.5
19:24:40,24.4
19:24:41,17.9
19:24:42,10.4
19:24:43,7.8
19:24:44,9.7
19:24:45,6.6
19:24:46,24.9
19:24:47,28
19:24:48,9.3
19:24:49,8.5
19:24:50,12.8
19:24:51,14.1
19:24:52,21.3
19:24:53,31.9
19:24:54,7.7
19:24:55,17.1
19:24:56,6.6
19:24:57,7
19:24:58,20.5
19:24:59,37.8
19:25:00,13.6
19:25:01,8.6
19:25:02,7.8
19:25:03,6.6
19:25:04,10.5
19:25:05,24.7
19:25:06,9
19:25:07,7
19:25:08,11.8
19:25:09,9.3
19:25:10,14
19:25:11,29.9
19:25:12,13.2
19:25:13,8.1
19:25:14,11.7
19:25:15,10.5
19:25:16,12.5
19:25:17,21.7
19:25:18,15.5
19:25:19,11.6
19:25:20,12.9
19:25:21,8.6
19:25:22,34
19:25:23,44.8
19:25:24,27.7
19:25:25,28.4
19:25:26,14.3
19:25:27,5.8
19:25:28,20.4
19:25:29,21.5
19:25:30,26
19:25:31,10.2
19:25:32,12.1
19:25:33,20.5
19:25:34,39
19:25:35,29.3
19:25:36,10.4
19:25:37,9.4
19:25:38,9.3
19:25:39,17.1
19:25:40,50.6
19:25:41,14.8
19:25:42,9.7
19:25:43,7.4
19:25:44,20
19:25:45,24.6
19:25:46,54.7
19:25:47,64.4
19:25:48,55
19:25:49,41.2
19:25:50,59.5
19:25:51,72
19:25:52,82.9
19:25:53,99.3
19:25:54,65.9
19:25:55,85.1
19:25:56,80.8
19:25:57,72.1
19:25:58,73.3
19:25:59,77.4
19:26:00,68.5
19:26:01,48.3
19:26:02,37.8
19:26:03,33.6
19:26:04,21.5
19:26:05,48.1
19:26:06,28.6
19:26:07,43.6
19:26:08,36
19:26:09,33.7
19:26:10,45.3
19:26:11,55.7
19:26:12,28.3
19:26:13,30.2
19:26:14,66.3
19:26:15,57.2
19:26:16,30.8
19:26:17,48.3
19:26:18,38.3
19:26:19,19.5
19:26:20,39.9
19:26:21,28.7
19:26:22,51.3
19:26:23,54
19:26:24,45
19:26:25,28.4
19:26:26,29.5
19:26:27,9.8
19:26:28,7
19:26:29,17.4
19:26:30,31.4
19:26:31,10.5
19:26:32,11.2
19:26:33,12.4
19:26:34,9
19:26:35,26.8
19:26:36,21.4
19:26:37,9.7
19:26:38,8.2
19:26:39,13.1
19:26:40,38.8
19:26:41,29.6
19:26:42,29.1
19:26:43,9.3
19:26:44,10
19:26:45,11.3
19:26:46,11.7
19:26:47,16.3
19:26:48,32.6
19:26:49,10.9
19:26:50,9.3
19:26:51,10.1
19:26:52,17.4
19:26:53,11.6
19:26:54,29.1
19:26:55,11
19:26:56,12.4
19:26:57,10.1
19:26:58,12.7
19:26:59,13.7
19:27:00,32.1
19:27:01,14.4
19:27:02,7
19:27:03,8.1
19:27:04,9.4
19:27:05,16.8
19:27:06,25
19:27:07,10
19:27:08,15.6
19:27:09,18
19:27:10,17.1
19:27:11,17
19:27:12,20.9
19:27:13,14.2
19:27:14,14.9
19:27:15,13.2
19:27:16,13.7
19:27:17,22.2
19:27:18,28.3
19:27:19,9.7
19:27:20,13.6
19:27:21,10.5
19:27:22,31.5
19:27:23,32.6
19:27:24,40.8
19:27:25,27.7
19:27:26,10.5
19:27:27,7.4
19:27:28,7.4
19:27:29,17.1
19:27:30,30.4
19:27:31,31
19:27:32,31.3
19:27:33,39.4
19:27:34,54.7
19:27:35,75.7
19:27:36,56.3
19:27:37,27.7
19:27:38,30.4
19:27:39,36.7
19:27:40,28.6
19:27:41,60.1
19:27:42,14.7
19:27:43,7.4
19:27:44,10.9
19:27:45,8.6
19:27:46,12.8
19:27:47,28
19:27:48,16.3
19:27:49,10.9
19:27:50,14.6
19:27:51,9.4
19:27:52,8.9
19:27:53,29.2
19:27:54,21.5
19:27:55,8.6
19:27:56,7.4
19:27:57,10.9
19:27:58,12.7
19:27:59,20.6
19:28:00,31.3
19:28:01,9.8
19:28:02,9
19:28:03,8.5
19:28:04,14
19:28:05,38
19:28:06,43.8
19:28:07,65.8
19:28:08,36.3
19:28:09,33.3
19:28:10,35.5
19:28:11,42.2
19:28:12,36.7
19:28:13,21.8
19:28:14,33.5
19:28:15,24.4
19:28:16,53.3
19:28:17,37.9
19:28:18,47.5
19:28:19,20.6
19:28:20,35.6
19:28:21,18.1
19:28:22,58
19:28:23,43.1
19:28:24,47.2
19:28:25,31.3
19:28:26,21.6
19:28:27,28
19:28:28,80.2
19:28:29,78.8
19:28:30,57.7
19:28:31,41.5
19:28:32,41.4
19:28:33,33.7
19:28:34,26.6
19:28:35,41.1
19:28:36,46.2
19:28:37,33.7
19:28:38,54.5
19:28:39,94.3
19:28:40,60.5
19:28:41,67.5
19:28:42,55.7
19:28:43,69.9
19:28:44,67.9
19:28:45,65.6
19:28:46,44.7
19:28:47,58.4
19:28:48,58.4
19:28:49,47.9
19:28:50,48.7
19:28:51,57.4
19:28:52,47.9
19:28:53,57.2
19:28:54,72.9
19:28:55,53.6
19:28:56,55.4
19:28:57,55.9
19:28:58,59.3
19:29:00,94.7
19:29:01,66.3
19:29:02,54.8
19:29:03,58.7
19:29:04,80.5
19:29:05,67.4
19:29:06,73.9
19:29:07,91
19:29:08,70.4
19:29:09,51.5
19:29:10,57.9
19:29:11,51.5
19:29:12,44.6
19:29:13,66.9
19:29:14,59.8
19:29:15,53.5
19:29:16,59.7
19:29:17,61.9
19:29:18,41.4
19:29:19,50.8
19:29:20,54.2
19:29:21,54.5
19:29:22,46.8
19:29:23,56.2
19:29:24,70.6
19:29:25,81.6
19:29:26,60.3
19:29:27,63
19:29:28,82.6
19:29:29,100
19:29:30,100
19:29:31,100
19:29:32,99.2
19:29:33,53.5
19:29:34,38.4
19:29:35,44.8
19:29:36,48
19:29:37,79.2
19:29:38,80.3
19:29:39,60.2
19:29:40,47.2
19:29:41,36.3
19:29:42,76.3
19:29:43,72.5
19:29:44,42.2
19:29:45,28.9
19:29:46,57.8
19:29:47,97.8
19:29:48,100
19:29:49,96.7
19:29:50,55.2
19:29:51,59.1
19:29:52,50.8
19:29:53,42.5
19:29:54,37.7
19:29:55,70.9
19:29:56,26.1
19:29:57,76.7
19:29:58,51.9
19:29:59,41.7
19:30:00,44.4
19:30:01,73.4
19:30:02,48.6
19:30:03,37
19:30:04,57.8
19:30:05,64.1
19:30:06,79.3
19:30:07,78.5
19:30:08,63.7
19:30:09,70.8
19:30:10,69.5
19:30:11,65.8
19:30:12,79.5
19:30:13,82.4
19:30:14,74.5
19:30:15,56.7
19:30:16,37.1
19:30:17,29.1
19:30:18,18.8
19:30:19,23.9
19:30:20,5.9
19:30:21,9.8
19:30:22,25.8
19:30:23,33.3
19:30:24,45.7
19:30:25,42.9
19:30:26,12.4
19:30:27,5.5
19:30:28,6.6
19:30:29,10.1
19:30:30,29
19:30:31,18.2
19:30:32,8.6
19:30:33,9
19:30:34,12.4
19:30:35,14.9
19:30:36,19
19:30:37,20.2
19:30:38,9.7
19:30:39,9.3
19:30:40,9.8
19:30:41,8.6
19:30:42,25.2
19:30:43,48.5
19:30:44,8.5
19:30:45,7.8
19:30:46,9
19:30:47,8.6
19:30:48,16.3
19:30:49,30.4
19:30:50,11.7
19:30:51,13.6
19:30:52,9.3
19:30:53,8.5
19:30:54,11.3
19:30:55,21.3
19:30:56,11.6
19:30:57,7.4
19:30:58,13.6
19:30:59,6.6
19:31:00,17.3
19:31:01,32
19:31:02,10.5
19:31:03,13.1
19:31:04,11.6
19:31:05,8.2
19:31:06,13.7
19:31:07,26.8
19:31:08,10.9
19:31:09,10.5
19:31:10,11.7
19:31:11,9.7
19:31:12,13.4
19:31:13,35.5
19:31:14,13.6
19:31:15,11.2
19:31:16,12.4
19:31:17,7.8
19:31:18,12
19:31:19,28.3
19:31:20,15.1
19:31:21,10.9
19:31:22,28.7
19:31:23,26.8
19:31:24,27.8
19:31:25,42.5
19:31:26,17.9
19:31:27,5.1
19:31:28,9
19:31:29,7.4
19:31:30,28.7
19:31:31,27.4
19:31:32,13.9
19:31:33,14
19:31:34,16.3
19:31:35,20.5
19:31:36,15.8
19:31:37,27.2
19:31:38,16.3
19:31:39,10
19:31:40,8.6
19:31:41,14.4
19:31:42,13.8
19:31:43,60.7
19:31:44,17.1
19:31:45,10.1
19:31:46,12.5
19:31:47,9.7
19:31:48,13.1
19:31:49,31.5
19:31:50,29
19:31:51,8.2
19:31:52,9.3
19:31:53,9.7
19:31:54,10.9
19:31:55,21.7
19:31:56,24.8
19:31:57,15.1
19:31:58,19.1
19:31:59,29.7
19:32:00,31.7
19:32:01,38.5
19:32:02,41.9
19:32:03,28.9
19:32:04,22.4
19:32:05,8.1
19:32:06,7.4
19:32:07,27.3
19:32:08,13.2
19:32:09,15.9
19:32:10,8.9
19:32:11,9.7
19:32:12,9.7
19:32:13,28.7
19:32:14,15.6
19:32:15,9
19:32:16,11.2
19:32:17,11.2
19:32:18,9.7
19:32:19,32.4
19:32:20,26.6
19:32:21,10.1
19:32:22,29.7
19:32:23,27.6
19:32:24,28.4
19:32:25,33.1
19:32:26,16.5
19:32:27,7.4
19:32:28,12
19:32:29,12.1
19:32:30,30.9
19:32:31,31.3
19:32:32,20.1
19:32:33,7.8
19:32:34,10.5
19:32:35,13.1
19:32:36,13.1
19:32:37,25.2
19:32:38,24.9
19:32:39,15.7
19:32:40,12
19:32:41,9.7
19:32:42,10.5
19:32:43,26.2
19:32:44,44.2
19:32:45,10.5
19:32:46,16
19:32:47,15.2
19:32:48,11.9
19:32:49,24.2
19:32:50,16.3
19:32:51,10.1
19:32:52,9.3
19:32:53,8.9
19:32:54,15.4
19:32:55,19.5
19:32:56,15.6
19:32:57,9.8
19:32:58,14.3
19:32:59,13.5
19:33:00,14.3
19:33:01,30.2
19:33:02,29.4
19:33:03,13.2
19:33:04,50.2
19:33:05,34.1
19:33:06,32.7
19:33:07,54.5
19:33:08,76
19:33:09,26.7
19:33:10,30.7
19:33:11,53.4
19:33:12,67.4
19:33:13,74.7
19:33:14,56.8
19:33:15,44.7
19:33:16,42.1
19:33:17,36.9
19:33:18,39.4
19:33:20,42.7
19:33:21,49.2
19:33:22,56.9
19:33:23,52.7
19:33:24,43.1
19:33:25,35.4
19:33:26,56.7
19:33:27,37
19:33:28,21.8
19:33:29,21.1
19:33:30,36.5
19:33:31,82.1
19:33:32,62.4
19:33:33,43.3
19:33:34,34.1
19:33:35,36.8
19:33:36,35.4
19:33:37,32.8
19:33:38,55.8
19:33:39,38.6
19:33:40,23.9
19:33:41,14.6
19:33:42,20
19:33:43,52.9
19:33:44,42.6
19:33:45,50.4
19:33:46,41.9
19:33:47,31.2
19:33:48,35
19:33:49,38.5
19:33:50,48.9
19:33:51,39.3
19:33:52,24.2
19:33:53,25
19:33:54,70
19:33:55,50.8
19:33:56,51.7
19:33:57,37.4
19:33:58,40
19:33:59,37.8
19:34:00,55.1
19:34:01,44.1
19:34:02,83.2
19:34:03,41.5
19:34:04,35
19:34:05,34.9
19:34:06,55.4
19:34:07,39.8
19:34:08,67.7
19:34:09,40.6
19:34:10,29.6
19:34:11,31.4
19:34:12,34.5
19:34:13,54
19:34:14,54.2
19:34:15,37.9
19:34:16,29.3
19:34:17,31.5
19:34:18,44.2
19:34:19,33.2
19:34:20,53.3
19:34:21,54.7
19:34:22,42.4
19:34:23,59.1
19:34:24,55
19:34:25,58.8
19:34:26,90.5
19:34:27,48
19:34:28,31.1
19:34:29,33.1
19:34:30,33.5
19:34:31,42.6
19:34:32,75.6
19:34:33,46.3
19:34:34,35.7
19:34:35,45.9
19:34:36,18.8
19:34:37,24.7
19:34:38,44.5
19:34:39,27.2
19:34:40,25.8
19:34:41,26.5
19:34:42,25.7
19:34:43,36.7
19:34:44,69.5
19:34:45,68
19:34:46,43.8
19:34:47,47.6
19:34:48,53
19:34:49,44.4
19:34:50,69.1
19:34:51,45.8
19:34:52,27.4
19:34:53,22.5
19:34:54,22.9
19:34:55,28.7
19:34:56,38
19:34:57,26.6
19:34:58,22.6
19:34:59,24.1
19:35:00,12.9
19:35:01,14.3
19:35:02,22.2
19:35:03,18.7
19:35:04,9.2
19:35:05,8.9
19:35:06,9.8
19:35:07,11.6
19:35:08,24.3
19:35:09,15.6
19:35:10,17.8
19:35:11,8.6
19:35:12,13.6
19:35:13,8.9
19:35:14,27
19:35:15,16.5
19:35:16,11.2
19:35:17,11.2
19:35:18,7.4
19:35:19,14.3
19:35:20,25.5
19:35:21,16.3
19:35:22,14.5
19:35:23,30.7
19:35:24,32.4
19:35:25,28
19:35:26,38.2
19:35:27,8.6
19:35:28,4.7
19:35:29,8.6
19:35:30,9.4
19:35:31,29.6
19:35:32,29.7
19:35:33,16.7
19:35:34,8.6
19:35:35,9.7
19:35:36,8.6
19:35:37,7.8
19:35:38,26
19:35:39,24.6
19:35:40,9.3
19:35:41,12.4
19:35:42,6.2
19:35:43,11.3
19:35:44,18.6
19:35:45,31.2
19:35:46,41.6
19:35:47,7
19:35:48,8.9
19:35:49,10.1
19:35:50,14
19:35:51,33.5
19:35:52,5.5
19:35:53,7.8
19:35:54,12.4
19:35:55,10.5
19:35:56,10.8
19:35:57,28.6
19:35:58,12
19:35:59,13.8
19:36:00,13.7
19:36:01,29.5
19:36:02,24.1
19:36:03,47.5
19:36:04,26.2
19:36:05,25.4
19:36:06,27.6
19:36:07,17.5
19:36:08,9.8
19:36:09,28
19:36:10,6.6
19:36:11,7.8
19:36:12,9.7
19:36:13,11.2
19:36:14,16.5
19:36:15,26.7
19:36:16,9.3
19:36:17,10.1
19:36:18,14.8
19:36:19,9
19:36:20,14
19:36:21,32.6
19:36:22,19.4
19:36:23,28
19:36:24,28
19:36:25,28.4
19:36:26,15.1
19:36:27,23.7
19:36:28,9.7
19:36:29,5.1
19:36:30,14.1
19:36:31,24.1
19:36:32,13.2
19:36:33,25
19:36:34,11.7
19:36:35,11.9
19:36:36,11.4
19:36:37,5.1
19:36:38,15.2
19:36:39,28.4
19:36:40,28.6
19:36:41,11.6
19:36:42,17.9
19:36:43,9.8
19:36:44,27
19:36:45,48.3
19:36:46,59.3
19:36:47,32.2
19:36:48,34.7
19:36:49,44.3
19:36:50,38.2
19:36:51,45
19:36:52,46.8
19:36:53,67.7
19:36:54,39.9
19:36:55,34.2
19:36:56,41
19:36:57,43.7
19:36:58,56.7
19:36:59,38.8
19:37:00,27.9
19:37:01,26.8
19:37:02,29.7
19:37:03,27.6
19:37:04,45.4
19:37:05,31.3
19:37:06,45.9
19:37:07,32.7
19:37:08,26.8
19:37:09,37.5
19:37:10,50.4
19:37:11,35.9
19:37:12,24.1
19:37:13,14
19:37:14,13.6
19:37:15,7.4
19:37:16,23.6
19:37:17,17.1
19:37:18,15.2
19:37:19,11.6
19:37:20,9
19:37:21,9.3
19:37:22,42.3
19:37:23,34.9
19:37:24,28.9
19:37:25,26.8
19:37:26,25.6
19:37:27,5.8
19:37:28,29
19:37:29,14.6
19:37:30,29.6
19:37:31,19.8
19:37:32,11.7
19:37:33,12.4
19:37:34,26.4
19:37:35,14.5
19:37:36,6.2
19:37:37,8.9
19:37:38,12.1
19:37:39,9.3
19:37:40,23.9
19:37:41,23.6
19:37:42,11.7
19:37:43,9.4
19:37:44,7.8
19:37:45,7.3
19:37:46,24.3
19:37:47,61.2
19:37:48,5.4
19:37:49,9.7
19:37:50,6.6
19:37:51,7.4
19:37:52,10.5
19:37:53,25.9
19:37:54,10.9
19:37:55,6.6
19:37:56,14.1
19:37:57,5.1
19:37:58,13.2
19:37:59,20.5
19:38:00,19.2
19:38:01,8.5
19:38:02,25.7
19:38:03,32
19:38:04,35.8
19:38:05,40.7
19:38:06,28.4
19:38:07,26.6
19:38:08,3.9
19:38:09,9.4
19:38:10,22.5
19:38:11,20.2
19:38:12,10
19:38:13,8.2
19:38:14,8.2
19:38:15,9
19:38:16,21.4
19:38:17,30.1
19:38:18,8.9
19:38:19,7.8
19:38:20,8.9
19:38:21,8.2
19:38:22,32.7
19:38:23,39.9
19:38:24,26.6
19:38:25,27.7
19:38:26,5.8
19:38:27,10.8
19:38:28,22.2
19:38:29,22.7
19:38:30,30.3
19:38:31,9.7
19:38:32,10.1
19:38:33,10.1
19:38:34,19.2
19:38:35,29.6
19:38:36,7.4
19:38:37,8.2
19:38:38,10.5
19:38:39,8.2
19:38:40,11.3
19:38:41,29.5
19:38:42,9.7
19:38:43,11.6
19:38:44,30.2
19:38:45,26.7
19:38:46,37
19:38:47,68.7
19:38:48,15.4
19:38:49,10.4
19:38:50,20.8
19:38:51,10.4
19:38:52,17.4
19:38:53,32.7
19:38:54,25.3
19:38:55,26
19:38:56,34.1
19:38:57,33.3
19:38:58,43.2
19:38:59,88.6
19:39:00,62.3
19:39:01,60.6
19:39:02,55.8
19:39:03,67.2
19:39:04,57.4
19:39:05,70.8
19:39:06,55.4
19:39:07,56
19:39:08,59.1
19:39:09,60.2
19:39:10,74.4
19:39:11,71.8
19:39:12,55.1
19:39:13,44.4
19:39:14,52
19:39:15,52.7
19:39:16,65.9
19:39:17,38.9
19:39:18,28
19:39:19,26.5
19:39:20,29.2
19:39:21,28.7
19:39:22,67.2
19:39:23,56.4
19:39:24,52.9
19:39:25,54.3
19:39:26,34
19:39:27,27.3
19:39:28,45
19:39:29,27.3
19:39:30,32.4
19:39:31,27.2
19:39:32,28.4
19:39:33,28
19:39:34,45.3
19:39:35,27.6
19:39:36,27.5
19:39:37,32.7
19:39:38,27.9
19:39:39,35
19:39:40,41.5
19:39:41,27
19:39:42,52
19:39:43,52
19:39:44,52.3
19:39:45,65
19:39:46,56.5
19:39:47,29.5
19:39:48,58.4
19:39:49,28.4
19:39:50,39.7
19:39:51,34.6
19:39:52,21.9
19:39:53,10.9
19:39:54,9.6
19:39:55,12.3
19:39:56,11.2
19:39:57,26.6
19:39:58,17.4
19:39:59,10.8
19:40:00,14.8
19:40:01,12.2
19:40:02,14.2
19:40:03,26.2
19:40:04,13.6
19:40:05,14.6
19:40:06,11.5
19:40:07,13.6
19:40:08,13.6
19:40:09,26.8
19:40:10,14.7
19:40:11,13.5
19:40:12,13.7
19:40:13,16
19:40:14,10
19:40:15,27.4
19:40:16,14.6
19:40:17,14.2
19:40:18,19.4
19:40:19,42
19:40:20,34.3
19:40:21,52.9
19:40:22,45
19:40:23,32.4
19:40:24,30.1
19:40:25,27.6
19:40:26,11.3
19:40:27,30.2
19:40:28,16.7
19:40:29,22
19:40:30,27.8
19:40:31,10.5
19:40:32,13.5
19:40:33,27.5
19:40:34,11.5
19:40:35,20.8
19:40:36,7.4
19:40:37,10.1
19:40:38,12.1
19:40:39,30.4
19:40:40,12.1
19:40:41,9
19:40:42,12.4
19:40:43,9.4
19:40:44,11.5
19:40:45,28.9
19:40:46,17.9
19:40:47,9.8
19:40:48,41.9
19:40:49,11.7
19:40:50,10.9
19:40:51,27
19:40:52,15.2
19:40:53,8.2
19:40:54,7.4
19:40:55,10.9
19:40:56,10.2
19:40:57,23.8
19:40:58,14.4
19:40:59,7.8
19:41:00,15.5
19:41:01,10.1
19:41:02,10.5
19:41:03,33.6
19:41:04,30.2
19:41:05,17.9
19:41:06,48.6
19:41:07,50.8
19:41:08,57.8
19:41:09,64.8
19:41:10,56.9
19:41:11,53.5
19:41:12,54.3
19:41:13,52.3
19:41:14,54.2
19:41:15,69.9
19:41:16,53.9
19:41:17,57
19:41:18,53.1
19:41:19,52.1
19:41:20,57.1
19:41:21,48.5
19:41:22,53.1
19:41:23,55.8
19:41:24,64
19:41:25,48.1
19:41:26,40.9
19:41:27,33.5
19:41:28,26.2
19:41:29,27.3
19:41:30,34
19:41:31,29.8
19:41:32,49.6
19:41:33,28.9
19:41:34,29.1
19:41:35,29.7
19:41:36,40.6
19:41:37,38.3
19:41:38,59.8
19:41:39,42
19:41:40,31.4
19:41:41,40.2
19:41:42,33.3
19:41:43,40.7
19:41:44,51.7
19:41:45,54.8
19:41:46,41.4
19:41:47,34.4
19:41:48,32.4
19:41:49,66.7
19:41:50,65.6
19:41:51,45.1
19:41:52,34.2
19:41:53,32.2
19:41:54,34.9
19:41:55,42.5
19:41:56,41.9
19:41:57,42.5
19:41:59,48.4
19:42:00,38.4
19:42:01,48.5
19:42:02,54.2
19:42:03,37.8
19:42:04,31.9
19:42:05,46.5
19:42:06,51.2
19:42:07,59.7
19:42:08,77.2
19:42:09,58.7
19:42:10,67.5
19:42:11,72.7
19:42:12,52.5
19:42:13,37.6
19:42:14,47.7
19:42:15,42.5
19:42:16,36
19:42:17,29.1
19:42:18,49.6
19:42:19,51.1
19:42:20,41.5
19:42:21,32.3
19:42:22,41.1
19:42:23,59.3
19:42:24,57.7
19:42:25,72.4
19:42:26,63.5
19:42:27,31.8
19:42:28,28.1
19:42:29,30.1
19:42:30,29.1
19:42:31,54.2
19:42:32,28.4
19:42:33,35.3
19:42:34,40.1
19:42:35,54.9
19:42:36,55.2
19:42:37,75.9
19:42:38,53.9
19:42:39,53.8
19:42:40,54.4
19:42:41,52.5
19:42:42,30.5
19:42:43,49.2
19:42:44,37.6
19:42:45,30.7
19:42:46,53.8
19:42:47,48.9
19:42:48,33
19:42:49,24.4
19:42:50,44.8
19:42:51,16.5
19:42:52,17.6
19:42:53,43.1
19:42:54,49.4
19:42:55,34.6
19:42:56,14.3
19:42:57,10.1
19:42:58,12.8
19:42:59,12.1
19:43:00,24
19:43:01,20.5
19:43:02,18.8
19:43:03,11.7
19:43:04,14
19:43:05,11.3
19:43:06,23.9
19:43:07,27
19:43:08,11.6
19:43:09,10.9
19:43:10,11.7
19:43:11,15.5
19:43:12,28.7
19:43:13,31.7
19:43:14,9.8
19:43:15,9.7
19:43:16,13.9
19:43:17,13.2
19:43:18,15.4
19:43:19,30.8
19:43:20,7
19:43:21,10.9
19:43:22,26.7
19:43:23,43
19:43:24,30.6
19:43:25,48.9
19:43:26,22.9
19:43:27,5.4
19:43:28,6.6
19:43:29,8.6
19:43:30,21.4
19:43:31,32.7
19:43:32,11.2
19:43:33,13.2
19:43:34,14
19:43:35,6.2
19:43:36,12.8
19:43:37,35.9
19:43:38,12.8
19:43:39,13.2
19:43:40,10.9
19:43:41,8.1
19:43:42,9.7
19:43:43,37.2
19:43:44,12
19:43:45,8.5
19:43:46,14
19:43:47,13.2
19:43:48,10.9
19:43:49,27.2
19:43:50,42.7
19:43:51,24
19:43:52,9.3
19:43:53,8.1
19:43:54,12.5
19:43:55,39.8
19:43:56,22.8
19:43:57,8.2
19:43:58,9
19:43:59,21.1
19:44:00,16.3
19:44:01,24.1
19:44:02,26.4
19:44:03,10.2
19:44:04,7.3
19:44:05,11.7
19:44:06,31.5
19:44:07,36
19:44:08,39.4
19:44:09,25.8
19:44:10,25.7
19:44:11,27.3
19:44:12,7
19:44:13,20.8
19:44:14,12
19:44:15,8.5
19:44:16,7.8
19:44:17,10.1
19:44:18,7
19:44:19,28.2
19:44:20,19.5
19:44:21,9.3
19:44:22,26.1
19:44:23,27.2
19:44:24,27
19:44:25,40.2
19:44:26,17.5
19:44:27,6.6
19:44:28,7.8
19:44:29,7.8
19:44:30,26.8
19:44:31,29
19:44:32,15.9
19:44:33,13.2
19:44:34,18
19:44:35,28.4
19:44:36,31.1
19:44:37,33.3
19:44:38,22.1
19:44:39,17.7
19:44:40,13.8
19:44:41,7.4
19:44:42,10.4
19:44:43,24.1
19:44:44,13.6
19:44:45,23.4
19:44:46,56.8
19:44:47,73.9
19:44:48,76.1
19:44:49,75.8
19:44:50,44
19:44:51,66.5
19:44:52,46.2
19:44:53,35.2
19:44:54,54
19:44:55,74.6
19:44:56,81.8
19:44:57,88.9
19:44:58,100
19:45:00,88.8
19:45:01,94.6
19:45:02,93.5
19:45:03,70.4
19:45:04,58.6
19:45:05,57
19:45:06,81.4
19:45:07,74.1
19:45:08,86.5
19:45:09,71.3
19:45:10,76.4
19:45:11,84.5
19:45:12,73.4
19:45:13,72.5
19:45:14,78.9
19:45:15,70.3
19:45:16,61.4
19:45:17,71.8
19:45:18,74.6
19:45:19,49.6
19:45:20,63.1
19:45:21,56.3
19:45:22,56.5
19:45:23,75.1
19:45:24,80.1
19:45:25,76
19:45:26,88.9
19:45:27,67.2
19:45:28,60.4
19:45:29,57.6
19:45:30,59.4
19:45:31,67.9
19:45:32,70.8
19:45:33,60.1
19:45:34,59.8
19:45:35,52.7
19:45:36,67.4
19:45:37,75.3
19:45:38,63.7
19:45:39,66.7
19:45:40,66.8
19:45:41,41.3
19:45:42,37.2
19:45:43,72.4
19:45:44,84.1
19:45:45,44.2
19:45:46,55.4
19:45:47,43.8
19:45:48,58.1
19:45:49,45.8
19:45:50,50.8
19:45:51,44.4
19:45:52,51
19:45:53,35.7
19:45:54,64.7
19:45:55,55.2
19:45:56,37.9
19:45:57,27.6
19:45:58,16
19:45:59,9.7
19:46:00,14
19:46:01,27.2
19:46:02,15.1
19:46:03,8.9
19:46:04,9.7
19:46:05,8.6
19:46:06,8.5
19:46:07,26.2
19:46:08,12.5
19:46:09,8.6
19:46:10,8.9
19:46:11,8.1
19:46:12,10.2
19:46:13,32.8
19:46:14,14.3
19:46:15,10.1
19:46:16,9.3
19:46:17,13.5
19:46:18,11.3
19:46:19,27.2
19:46:20,10.2
19:46:21,9.7
19:46:22,23.8
19:46:23,27.8
19:46:24,27.9
19:46:25,45.3
19:46:26,12.2
19:46:27,8.1
19:46:28,9.6
19:46:29,9.3
19:46:30,26.9
19:46:31,22.9
19:46:32,10.9
19:46:33,8.2
19:46:34,10.9
19:46:35,10.9
19:46:36,14.4
19:46:37,25.9
19:46:38,6.2
19:46:39,9.7
19:46:40,12.9
19:46:41,11.7
19:46:42,11.6
19:46:43,27.6
19:46:44,8.2
19:46:45,7.4
19:46:46,7.8
19:46:47,10.5
19:46:48,16.3
19:46:49,24.8
19:46:50,10.5
19:46:51,6.6
19:46:52,43
19:46:53,11.3
19:46:54,13.5
19:46:55,26.7
19:46:56,8.6
19:46:57,11.7
19:46:58,12.5
19:46:59,8.9
19:47:00,18.2
19:47:01,31.1
19:47:02,9.8
19:47:03,9.4
19:47:04,10.8
19:47:05,10.5
19:47:06,8.2
19:47:07,32.3
19:47:08,12
19:47:09,11.7
19:47:10,18.4
19:47:11,15.3
19:47:12,12.5
19:47:13,29.7
19:47:14,14.3
19:47:15,8.2
19:47:16,8.2
19:47:17,13.5
19:47:18,9.8
19:47:19,37.2
19:47:20,12.1
19:47:21,8.2
19:47:22,26.1
19:47:23,27.3
19:47:24,26.8
19:47:25,49.4
19:47:26,25.3
19:47:27,5.9
19:47:28,7.8
19:47:29,17.4
19:47:30,31.2
19:47:31,27.6
19:47:32,8.6
19:47:33,10
19:47:34,15.2
19:47:35,28.4
19:47:36,54.3
19:47:37,41.9
19:47:38,16.7
19:47:39,31.9
19:47:40,28.9
19:47:41,23
19:47:42,27.2
19:47:43,46
19:47:44,24.5
19:47:45,52.5
19:47:46,28.1
19:47:47,23.3
19:47:48,22.3
19:47:49,37.5
19:47:50,29.6
19:47:51,29.7
19:47:52,39.9
19:47:53,60.5
19:47:54,26.3
19:47:55,44.5
19:47:56,34.9
19:47:57,22.2
19:47:58,22.2
19:47:59,28.4
19:48:00,32.8
19:48:01,42.9
19:48:02,30.7
19:48:03,32.1
19:48:04,23.9
19:48:05,42.8
19:48:06,35.4
19:48:07,48.7
19:48:08,48.1
19:48:09,49.6
19:48:10,31
19:48:11,55.7
19:48:12,33
19:48:13,42.4
19:48:14,54.2
19:48:15,54.1
19:48:16,35.2
19:48:17,16.5
19:48:18,22.4
19:48:19,42.6
19:48:20,40.2
19:48:21,20.6
19:48:22,42.6
19:48:23,34.9
19:48:24,47.7
19:48:25,45.4
19:48:26,47.1
19:48:27,16.5
19:48:28,20.2
19:48:29,15
19:48:30,44.2
19:48:31,36.6
19:48:32,46.6
19:48:33,22.8
19:48:34,35.9
19:48:35,29.2
19:48:36,31.8
19:48:37,31.8
19:48:38,56.2
19:48:39,23.7
19:48:40,22.2
19:48:41,52.7
19:48:42,23.9
19:48:43,34.3
19:48:44,48.8
19:48:45,30
19:48:46,28.8
19:48:47,26.4
19:48:48,23.9
19:48:49,52.7
19:48:50,45.2
19:48:51,47.7
19:48:52,24
19:48:53,56
19:48:54,14.1
19:48:55,32.7
19:48:56,44.2
19:48:57,23.7
19:48:58,14.1
19:48:59,30.9
19:49:00,16.2
19:49:01,14.2
19:49:02,18.7
19:49:03,17.1
19:49:04,13.2
19:49:05,11.7
19:49:06,15.1
19:49:07,15.8
19:49:08,23
19:49:09,20.8
19:49:10,9.3
19:49:11,7.8
19:49:12,15.1
19:49:13,10.5
19:49:14,22.5
19:49:15,14.4
19:49:16,10.4
19:49:17,15.1
19:49:18,14
19:49:19,11.6
19:49:20,25
19:49:21,17.6
19:49:22,32.9
19:49:23,27.2
19:49:24,27.5
19:49:25,24.2
19:49:26,20.5
19:49:27,12.8
19:49:28,5.8
19:49:29,5.9
19:49:30,29.3
19:49:31,13.6
19:49:32,25.1
19:49:33,10.9
19:49:34,11.7
19:49:35,10.1
19:49:36,10.9
19:49:37,10.9
19:49:38,26.8
19:49:39,9.8
19:49:40,9
19:49:41,9.8
19:49:42,9.7
19:49:43,7
19:49:44,29.5
19:49:45,15.9
19:49:46,29.1
19:49:47,28.1
19:49:48,28.4
19:49:49,27.6
19:49:50,46.5
19:49:51,19.2
19:49:52,24.1
19:49:53,22.6
19:49:54,38.9
19:49:55,14.3
19:49:56,26.4
19:49:57,8.5
19:49:58,9.4
19:49:59,9.8
19:50:00,14.8
19:50:01,12.7
19:50:02,27.8
19:50:03,6.2
19:50:04,10.1
19:50:05,8.6
19:50:06,13.3
19:50:07,11.3
19:50:08,30
19:50:09,9
19:50:10,10.9
19:50:11,19
19:50:12,28
19:50:13,31.5
19:50:14,45.4
19:50:15,26.1
19:50:16,25.8
19:50:17,24.1
19:50:18,8.9
19:50:19,12.8
19:50:20,21.1
19:50:21,6.6
19:50:22,34.9
19:50:23,28.4
19:50:24,27.3
19:50:25,66.1
19:50:26,38.9
19:50:27,3.5
19:50:28,7.8
19:50:29,8.2
19:50:30,30.7
19:50:31,24.8
19:50:32,25.2
19:50:33,8.6
19:50:34,10.5
19:50:35,8.5
19:50:36,7
19:50:37,18.9
19:50:38,25.8
19:50:39,8.2
19:50:40,9
19:50:41,6.2
19:50:43,9.7
19:50:44,18.2
19:50:45,18.6
19:50:46,10.8
19:50:47,9.4
19:50:48,14
19:50:49,10.2
19:50:50,25.7
19:50:51,31.3
19:50:52,17.6
19:50:53,12.5
19:50:54,9.3
19:50:55,45
19:50:56,11.3
19:50:57,36.9
19:50:58,14.3
19:50:59,11.6
19:51:00,12.7
19:51:01,9.3
19:51:02,9.7
19:51:03,26.6
19:51:04,16.9
19:51:05,8.2
19:51:06,8.1
19:51:07,10.1
19:51:08,6.7
19:51:09,27.3
19:51:10,16.2
19:51:11,6.2
19:51:12,9.3
19:51:13,11.3
19:51:14,14.6
19:51:15,30.5
19:51:16,24.8
19:51:17,10
19:51:18,12
19:51:19,7.8
19:51:20,13.5
19:51:21,17.4
19:51:22,28.4
19:51:23,27.7
19:51:24,28
19:51:25,28.8
19:51:26,15.2
19:51:27,8.2
19:51:28,27.9
19:51:29,7.4
19:51:30,13.6
19:51:31,29.7
19:51:32,9.5
19:51:33,20.6
19:51:34,33.1
19:51:35,17.1
19:51:36,15
19:51:37,16.7
19:51:38,14.7
19:51:39,14.8
19:51:40,48.9
19:51:41,17.4
19:51:42,7.8
19:51:43,10.9
19:51:44,9.4
19:51:45,12.8
19:51:46,34
19:51:47,26.3
19:51:48,11.2
19:51:49,33.7
19:51:50,50.6
19:51:51,28.9
19:51:52,33.3
19:51:53,19.7
19:51:54,10.9
19:51:55,21.3
19:51:56,28.1
19:51:57,8.6
19:51:58,23.6
19:51:59,15.8
19:52:00,12.5
19:52:01,11.2
19:52:02,12.5
19:52:03,11.2
19:52:04,25.6
19:52:05,11.6
19:52:06,22.6
19:52:07,27.3
19:52:08,17.5
19:52:09,13.1
19:52:10,61.3
19:52:11,45.2
19:52:12,24.8
19:52:13,46.6
19:52:14,85.9
19:52:15,93.2
19:52:16,91.3
19:52:17,74.6
19:52:18,69.6
19:52:19,80
19:52:20,84.2
19:52:21,87.2
19:52:22,95.1
19:52:23,75
19:52:24,63.7
19:52:25,68.1
19:52:26,34
19:52:27,37.7
19:52:28,52.5
19:52:29,36.3
19:52:30,33.8
19:52:31,72.6
19:52:32,42.4
19:52:33,53.8
19:52:34,44.3
19:52:35,28.3
19:52:36,28.4
19:52:37,29.2
19:52:38,27.5
19:52:39,41.9
19:52:40,35.3
19:52:41,27.3
19:52:42,27.3
19:52:43,27.3
19:52:44,27
19:52:45,49
19:52:46,31.4
19:52:47,28.5
19:52:48,28.8
19:52:49,27.3
19:52:50,28.4
19:52:51,47.3
19:52:52,28
19:52:53,28.4
19:52:54,29.6
19:52:55,28.1
19:52:56,58.4
19:52:57,45.9
19:52:58,33.3
19:52:59,28.4
19:53:00,30.7
19:53:01,28.4
19:53:02,36.7
19:53:03,39.7
19:53:04,28.4
19:53:05,27
19:53:06,27.2
19:53:07,28.2
19:53:08,43.2
19:53:09,33.2
19:53:10,28
19:53:11,27
19:53:12,27
19:53:13,26.6
19:53:14,45.1
19:53:15,29.3
19:53:16,28
19:53:17,29.2
19:53:18,27.3
19:53:19,28.8
19:53:20,48.2
19:53:21,29.2
19:53:22,39.3
19:53:23,52.3
19:53:24,52.5
19:53:25,55.9
19:53:26,63.5
19:53:27,27.2
19:53:28,28.2
19:53:29,29.2
19:53:30,30.9
19:53:31,39
19:53:32,42.1
19:53:33,27.2
19:53:34,29.2
19:53:35,31.8
19:53:36,27.7
19:53:37,42.5
19:53:38,37.1
19:53:39,29.8
19:53:40,28
19:53:41,29.6
19:53:42,29.2
19:53:43,45.8
19:53:44,31.5
19:53:45,32.4
19:53:46,48.1
19:53:47,39.2
19:53:48,35.5
19:53:49,54.8
19:53:50,35.5
19:53:51,45.2
19:53:52,31.5
19:53:53,36
19:53:54,35.1
19:53:55,62.7
19:53:56,47.7
19:53:57,76.2
19:53:58,31.7
19:53:59,42.3
19:54:00,47.5
19:54:01,62.6
19:54:02,30
19:54:03,32.4
19:54:04,34.6
19:54:05,48.3
19:54:06,43.9
19:54:07,45.9
19:54:08,35.4
19:54:09,32.6
19:54:10,43.2
19:54:11,34.2
19:54:12,50.2
19:54:13,49.8
19:54:14,49.4
19:54:15,61.8
19:54:16,58.3
19:54:17,61.1
19:54:18,70.7
19:54:19,67
19:54:20,71.4
19:54:21,46.7
19:54:22,45.1
19:54:23,56
19:54:24,73.2
19:54:25,60
19:54:26,32
19:54:27,17.6
19:54:28,26.2
19:54:29,17.4
19:54:30,52.4
19:54:31,40.5
19:54:32,26.1
19:54:33,27.5
19:54:34,25.4
19:54:35,25.8
19:54:36,34.1
19:54:37,38
19:54:38,25.8
19:54:39,28.6
19:54:40,23.6
19:54:41,39
19:54:42,49.4
19:54:43,42.6
19:54:44,27.2
19:54:45,34
19:54:46,31.9
19:54:47,33.7
19:54:48,33
19:54:49,48.3
19:54:50,32.8
19:54:51,36.6
19:54:52,48.9
19:54:53,37.9
19:54:54,32.8
19:54:55,42.9
19:54:56,38.5
19:54:57,56.9
19:54:58,39
19:54:59,36.9
19:55:00,32.8
19:55:01,44.3
19:55:02,46.2
19:55:03,20.3
19:55:04,48.8
19:55:05,22.7
19:55:06,24.2
19:55:07,31.1
19:55:08,46.2
19:55:09,29.2
19:55:10,26
19:55:11,52.5
19:55:12,33
19:55:13,38.5
19:55:14,42
19:55:15,26.9
19:55:16,26.3
19:55:17,32.3
19:55:18,42
19:55:19,28.1
19:55:20,44.3
19:55:21,24.8
19:55:22,42.7
19:55:23,43.6
19:55:24,34.6
19:55:25,50.8
19:55:26,59.6
19:55:27,22.6
19:55:28,25.7
19:55:29,28.5
19:55:30,53.6
19:55:31,29.4
19:55:32,55
19:55:33,38.1
19:55:34,24.3
19:55:35,27.7
19:55:36,30.8
19:55:37,29.7
19:55:38,41
19:55:39,51.9
19:55:40,15.9
19:55:41,16.2
19:55:42,24.4
19:55:43,35.3
19:55:44,35.9
19:55:45,47.7
19:55:46,25
19:55:47,31.5
19:55:48,35.8
19:55:49,30
19:55:50,32.7
19:55:51,46.4
19:55:52,42.7
19:55:53,25.3
19:55:54,25.3
19:55:55,27.1
19:55:56,31.2
19:55:57,69.1
19:55:58,20.6
19:55:59,9
19:56:00,14
19:56:01,11.3
19:56:02,12
19:56:03,24.7
19:56:04,11.2
19:56:05,8.5
19:56:06,11.7
19:56:07,10.1
19:56:08,9.3
19:56:10,30.7
19:56:11,11.6
19:56:12,8.2
19:56:13,12.5
19:56:14,8.6
19:56:15,13.6
19:56:16,23.2
19:56:17,38.3
19:56:18,30.1
19:56:19,29.7
19:56:20,27.3
19:56:21,27.9
19:56:22,40
19:56:23,42.1
19:56:24,54.5
19:56:25,57.4
19:56:26,48.4
19:56:27,30.7
19:56:28,53.1
19:56:29,28.5
19:56:30,27.7
19:56:31,37.8
19:56:32,29.2
19:56:33,22.8
19:56:34,31.3
19:56:35,7.8
19:56:36,4.6
19:56:37,6.2
19:56:38,8.9
19:56:39,12.7
19:56:40,27.9
19:56:41,9
19:56:42,12.4
19:56:43,12.8
19:56:44,8.2
19:56:45,15.3
19:56:46,23.6
19:56:47,9.7
19:56:48,11.7
19:56:49,9.3
19:56:50,8.5
19:56:51,16.7
19:56:52,27.5
19:56:53,11.2
19:56:54,9.7
19:56:55,13.6
19:56:56,13.6
19:56:57,10.9
19:56:58,41.3
19:56:59,31.5
19:57:00,19.7
19:57:01,11.3
19:57:02,8.2
19:57:03,7.4
19:57:04,23.3
19:57:05,7.4
19:57:06,11.2
19:57:07,10.9
19:57:08,5.9
19:57:09,10.2
19:57:10,26.4
19:57:11,14
19:57:12,11.3
19:57:13,9.7
19:57:14,10.2
19:57:15,16.6
19:57:16,34.9
19:57:17,7.8
19:57:18,5.8
19:57:19,9
19:57:20,9.7
19:57:21,10.2
19:57:22,37.8
19:57:23,31.9
19:57:24,29.3
19:57:25,27.3
19:57:26,16.4
19:57:27,8.9
19:57:28,26.4
19:57:29,9.7
19:57:30,7.8
19:57:31,24.6
19:57:32,10.1
19:57:33,10.5
19:57:34,29.1
19:57:35,7.3
19:57:36,8.9
19:57:37,8.6
19:57:38,10.9
19:57:39,10.9
19:57:40,31.4
19:57:41,9.3
19:57:42,8.5
19:57:43,8.6
19:57:44,5.5
19:57:45,9.7
19:57:46,27.3
19:57:47,12.4
19:57:48,34.5
19:57:49,47.3
19:57:50,77.4
19:57:51,100
19:57:52,100
19:57:53,100
19:57:55,100
19:57:57,100
19:57:58,100
19:58:00,99.7
19:58:01,99.6
19:58:02,99.7
19:58:03,100
19:58:04,99.6
19:58:05,89.2
19:58:07,99.7
19:58:08,100
19:58:09,99.7
19:58:10,73.6
19:58:11,81.4
19:58:12,68
19:58:13,86.9
19:58:14,96.2
19:58:15,97.4
19:58:16,88.9
19:58:17,78.6
19:58:18,82.8
19:58:19,81.5
19:58:20,65.5
19:58:22,91.5
19:58:23,99.3
19:58:24,100
19:58:25,100
19:58:26,100
19:58:27,75.5
19:58:28,90.8
19:58:29,62.5
19:58:30,60.9
19:58:31,69.2
19:58:32,66.4
19:58:33,70.5
19:58:34,92
19:58:35,90.9
19:58:36,76.4
19:58:37,77.2
19:58:38,73.9
19:58:39,73.5
19:58:40,93.3
19:58:41,96
19:58:42,82.8
19:58:43,88.6
19:58:44,83.6
19:58:45,69.8
19:58:46,69.1
19:58:47,77.9
19:58:48,58.1
19:58:49,58.9
19:58:50,55
19:58:51,53.3
19:58:52,63.1
19:58:53,69.9
19:58:54,53.1
19:58:55,52.7
19:58:56,53.3
19:58:57,62
19:58:58,76.4
19:58:59,72.7
19:59:00,57.2
19:59:01,76.7
19:59:02,54.1
19:59:03,53.4
19:59:04,65.4
19:59:05,68.2
19:59:06,56
19:59:07,59.1
19:59:08,51.2
19:59:09,53.3
19:59:10,65.4
19:59:11,63.7
19:59:12,48.8
19:59:13,50
19:59:14,53.8
19:59:15,56
19:59:16,68
19:59:17,62
19:59:18,53.5
19:59:19,54.4
19:59:20,46.3
19:59:21,28.1
19:59:22,57
19:59:23,55.3
19:59:24,53.3
19:59:25,53.6
19:59:26,39.3
19:59:27,29.2
19:59:28,47.7
19:59:29,27.6
19:59:30,32.7
19:59:31,31
19:59:32,27.7
19:59:33,28.2
19:59:34,45.8
19:59:35,27.3
19:59:36,30.4
19:59:37,27
19:59:38,27.6
19:59:39,33.7
19:59:40,47.5
19:59:41,28.5
19:59:42,28
19:59:43,27
19:59:44,28.4
19:59:45,38.1
19:59:46,38.8
19:59:47,27.3
19:59:48,28.3
19:59:49,26.6
19:59:50,31.5
19:59:51,65.6
19:59:52,59.8
19:59:53,55.6
19:59:54,54.2
19:59:55,37.8
19:59:56,29.6
19:59:57,47.5
19:59:58,29.8
19:59:59,34.8
20:00:00,43.8
20:00:01,38
20:00:02,57
20:00:03,50.2
20:00:04,30
20:00:05,53.8
20:00:06,25.3
20:00:07,30.5
20:00:08,33.8
20:00:09,52.1
20:00:10,36.5
20:00:11,51.7
20:00:12,24
20:00:13,37.6
20:00:14,30.9
20:00:15,41
20:00:16,51.4
20:00:17,25.6
20:00:18,18
20:00:19,36.6
20:00:20,37.9
20:00:21,40
20:00:22,61.2
20:00:23,70.1
20:00:24,61
20:00:25,57.4
20:00:26,46.9
20:00:27,27.4
20:00:28,33
20:00:29,37.3
20:00:30,51.9
20:00:31,28.9
20:00:32,24.9
20:00:33,34.3
20:00:34,48.5
20:00:35,29.4
20:00:36,23.8
20:00:37,31.3
20:00:38,51.9
20:00:39,36.7
20:00:40,47.4
20:00:41,26.7
20:00:42,18.2
20:00:43,22.5
20:00:44,20.8
20:00:45,32.7
20:00:46,65.5
20:00:47,30.8
20:00:48,19.1
20:00:49,14.8
20:00:50,33.6
20:00:51,32.4
20:00:52,40.8
20:00:53,30.4
20:00:54,14.6
20:00:55,24.8
20:00:56,25.1
20:00:57,29
20:00:58,45.9
20:00:59,49.2
20:01:00,30
20:01:01,24.9
20:01:02,50.8
20:01:03,19.8
20:01:04,39.5
20:01:05,84.9
20:01:06,35.8
20:01:07,36.5
20:01:08,42.3
20:01:09,37.5
20:01:10,31.4
20:01:11,54
20:01:12,56
20:01:13,26.5
20:01:14,30
20:01:15,41.5
20:01:16,34.4
20:01:17,58.3
20:01:18,36.2
20:01:19,17.1
20:01:20,35.5
20:01:21,24.9
20:01:22,43.5
20:01:23,56
20:01:24,38.5
20:01:25,31.4
20:01:26,43.2
20:01:27,16
20:01:28,20.8
20:01:29,34.2
20:01:30,37.5
20:01:31,15.1
20:01:32,8.5
20:01:33,17.4
20:01:34,39.8
20:01:35,41.8
20:01:36,29.9
20:01:37,25.2
20:01:38,14.1
20:01:39,10
20:01:40,13.6
20:01:41,33.5
20:01:42,19.9
20:01:43,10.4
20:01:44,11.3
20:01:45,7.4
20:01:46,16.3
20:01:47,24.8
20:01:48,14.3
20:01:49,13.2
20:01:50,11.2
20:01:51,12.5
20:01:52,10.1
20:01:53,30.6
20:01:54,14.7
20:01:55,7.4
20:01:56,14.7
20:01:57,10.9
20:01:58,11.3
20:01:59,27.3
20:02:00,16.3
20:02:01,9.8
20:02:02,29.9
20:02:03,72.9
20:02:04,100
20:02:05,90.7
20:02:06,81.2
20:02:07,50.8
20:02:08,41.9
20:02:09,29.7
20:02:10,48.8
20:02:11,47.5
20:02:12,68.2
20:02:13,35.3
20:02:14,53.5
20:02:15,58.7
20:02:16,36.4
20:02:17,53.5
20:02:18,59.1
20:02:19,51.6
20:02:20,33.6
20:02:21,42
20:02:22,75.1
20:02:23,72
20:02:24,98.8
20:02:25,95.3
20:02:26,100
20:02:27,92.2
20:02:28,91.5
20:02:29,59.5
20:02:30,57
20:02:31,70.8
20:02:32,48.4
20:02:33,30.1
20:02:34,48.1
20:02:35,25.4
20:02:36,25.3
20:02:37,25
20:02:38,26.6
20:02:39,34.5
20:02:40,36.1
20:02:41,26.2
20:02:42,26.1
20:02:43,25.9
20:02:44,27.5
20:02:45,51.4
20:02:46,30.4
20:02:47,28.1
20:02:48,32.7
20:02:49,32.3
20:02:50,30.9
20:02:51,89.3
20:02:52,75.1
20:02:53,38.7
20:02:54,26.2
20:02:55,26.1
20:02:56,31.5
20:02:57,35.1
20:02:58,25
20:02:59,33.2
20:03:00,31.2
20:03:01,27.6
20:03:02,41.1
20:03:03,34.8
20:03:04,18.8
20:03:05,26.9
20:03:06,19.7
20:03:07,35.8
20:03:08,35.4
20:03:09,22.2
